{
    "run_1": {
        "train_roc_auc": 0.5223237096866588,
        "val_roc_auc_cv": 0.8659978213507624,
        "val_roc_auc": 0.46421252863084117,
        "test_roc_auc": 0.445803876957549
    },
    "run_2": {
        "train_roc_auc": 0.5223237096866588,
        "val_roc_auc": 0.46421252863084117,
        "test_roc_auc": 0.445803876957549
    },
    "run_3": {
        "train_roc_auc": 0.4861764491451723,
        "val_roc_auc": 0.4972812600044088,
        "test_roc_auc": 0.43301808322678403
    },
    "run_4": {
        "train_roc_auc": 0.5258276961052353,
        "val_roc_auc": 0.47663820291184383,
        "test_roc_auc": 0.4147927911581899
    },
    "run_5": {
        "train_roc_auc": 0.5711069927666421,
        "val_roc_auc_cv": 0.8919074074074074,
        "val_roc_auc": 0.5938868580054287,
        "test_roc_auc": 0.4689193432353112
    },
    "run_6": {
        "train_roc_auc": 0.5711069927666421,
        "val_roc_auc": 0.5938868580054287,
        "test_roc_auc": 0.4689193432353112
    },
    "run_7": {
        "train_roc_auc": 0.704830102016904,
        "val_roc_auc": 0.6769352630049469,
        "test_roc_auc": 0.7070710492858461
    },
    "run_8": {
        "train_roc_auc": 0.5936858618840061,
        "val_roc_auc": 0.5610590207966158,
        "test_roc_auc": 0.47885895564063885
    },
    "run_9": {
        "train_roc_auc": 0.6032182844079218,
        "val_roc_auc": 0.597831170627074,
        "test_roc_auc": 0.673005660612766
    },
    "run_10": {
        "train_roc_auc": 1.0,
        "val_roc_auc": 0.8150991772706476,
        "test_roc_auc": 0.720550081497061
    },
    "run_11": {
        "train_roc_auc": 0.999950944398444,
        "val_roc_auc": 0.7949918100008825,
        "test_roc_auc": 0.7695682687873614
    },
    "run_12": {
        "train_roc_auc": 0.9994120097694594,
        "val_roc_auc": 0.8650319624131475,
        "test_roc_auc": 0.7546371869725218
    },
    "run_13": {
        "train_roc_auc": 0.9999691710019945,
        "val_roc_auc": 0.8726918344822595,
        "test_roc_auc": 0.7367053243137174
    }
}